epoch,learning_rate,batch_size,num_epochs,dropout_rate,max_length,accuracy,class_name,precision,recall,f1-score,support,time
1,2e-05,8,1,0.1,128,0.7181136120042872,,,,,,
,,,,,,,L,0.0,0.0,0.0,89.0,
,,,,,,,N,0.782608695652174,0.8780487804878049,0.8275862068965517,574.0,
,,,,,,,R,0.5743944636678201,0.6148148148148148,0.59391771019678,270.0,
,,,,,,0.7181136120042872,,,,,,
,,,,,,,macro avg,0.452334386439998,0.49762119843420655,0.47383463903111056,933.0,
,,,,,,,weighted avg,0.6476997818806638,0.7181136120042872,0.681020647922563,933.0,
