epoch,learning_rate,batch_size,num_epochs,dropout_rate,max_length,accuracy,class_name,precision,recall,f1-score,support,time
1,2e-05,8,1,0.1,128,0.6489795918367347,,,,,,
,,,,,,,L,0.6830357142857143,0.7099767981438515,0.6962457337883959,431.0,
,,,,,,,N,0.6363636363636364,0.6791044776119403,0.6570397111913358,402.0,
,,,,,,,R,0.5533980582524272,0.3877551020408163,0.456,147.0,
,,,,,,0.6489795918367347,,,,,,
,,,,,,,macro avg,0.6242658029672593,0.5922787925988694,0.6030951483265773,980.0,
,,,,,,,weighted avg,0.6444449890188076,0.6489795918367347,0.6441264032262405,980.0,
