epoch,learning_rate,batch_size,num_epochs,dropout_rate,max_length,accuracy,class_name,precision,recall,f1-score,support,time
1,2e-05,8,1,0.1,128,0.5887290167865707,,,,,,
,,,,,,,L,0.6486486486486487,0.23414634146341465,0.34408602150537637,205.0,
,,,,,,,N,0.5214592274678111,0.745398773006135,0.6136363636363636,326.0,
,,,,,,,R,0.6802721088435374,0.6600660066006601,0.6700167504187605,303.0,
,,,,,,0.5887290167865707,,,,,,
,,,,,,,macro avg,0.6167933283199991,0.5465370403567366,0.5425797118535002,834.0,
,,,,,,,weighted avg,0.610421019313035,0.5887290167865707,0.5678635063920158,834.0,
