epoch,learning_rate,batch_size,num_epochs,dropout_rate,max_length,accuracy,class_name,precision,recall,f1-score,support,time
1,2e-05,8,1,0.1,128,0.4861111111111111,,,,,,
,,,,,,,L,1.0,0.009708737864077669,0.019230769230769232,103.0,
,,,,,,,N,0.48467966573816157,1.0,0.6529080675422139,174.0,
,,,,,,,R,0.0,0.0,0.0,83.0,
,,,,,,0.4861111111111111,,,,,,
,,,,,,,macro avg,0.4948932219127205,0.3365695792880259,0.2240462789243277,360.0,
,,,,,,,weighted avg,0.5203729495512225,0.4861111111111111,0.32107436939754014,360.0,
