epoch,learning_rate,batch_size,num_epochs,dropout_rate,max_length,accuracy,class_name,precision,recall,f1-score,support,time
1,2e-05,8,1,0.1,128,0.6092436974789915,,,,,,
,,,,,,,L,0.0,0.0,0.0,204.0,
,,,,,,,N,0.6092436974789915,1.0,0.7571801566579635,435.0,
,,,,,,,R,0.0,0.0,0.0,75.0,
,,,,,,0.6092436974789915,,,,,,
,,,,,,,macro avg,0.20308123249299717,0.3333333333333333,0.2523933855526545,714.0,
,,,,,,,weighted avg,0.37117788291787296,0.6092436974789915,0.46130723830001974,714.0,
